{
  "item_grid": {
    "type": "array",
    "orientation": "vertical",
    "content": [
      {
        "type": "itemgrid",
        "h_alignment": "left",
        "item_margin": "2,2",
        "rows": [
          [
            "ocarina",
            "bow",
            "firearrow",
            "icearrow",
            "lightarrow",
            "moontear"
          ],
          [
            "bombs",
            "bombchus",
            "sticks",
            "nuts",
            "beans",
            "roomkey"
          ],
          [
            "powderkeg",
            "pictobox",
            "lensoftruth",
            "hookshot",
            "fairysword",
            "kafeiletter"
          ],
          [
            "landdeed",
            "swampdeed",
            "mountaindeed",
            "oceandeed",
            "express",
            "pendant"
          ],
          [
            "bottle1",
            "bottle2",
            "bottle3",
            "bottle4",
            "bottle5",
            "bottle6"
          ]
        ]
      }
    ]
  },
  "mask_grid": {
    "type": "array",
    "orientation": "vertical",
    "content": [
      {
        "type": "itemgrid",
        "h_alignment": "left",
        "item_margin": "2,2",
        "rows": [
          [
            "postmanhat",
            "allnightmask",
            "blastmask",
            "stonemask",
            "fairymask",
            "dekumask"
          ],
          [
            "keatonmask",
            "bremenmask",
            "bunnyhood",
            "dongeromask",
            "maskofscents",
            "goronmask"
          ],
          [
            "romanimask",
            "circusleadermask",
            "kafeimask",
            "couplesmask",
            "maskoftruth",
            "zoramask"
          ],
          [
            "kamaromask",
            "gibdomask",
            "garomask",
            "captainhat",
            "giantmask",
            "fiercedeitymask"
          ]
        ]
      }
    ]
  },
  "quest_grid": {
    "type": "array",
    "orientation": "vertical",
    "content": [
      {
        "type": "itemgrid",
        "h_alignment": "left",
        "itemgrid": "2,1",
        "rows": [
          [
            "sword1",
            "shield1",
            "notebook",
            "magic",
            "wallet"
          ],
          [
            "timecheck",
            "healingcheck",
            "eponacheck",
            "soaringcheck",
            "stormcheck"
          ],
          [
            "sonatacheck",
            "lullabycheck",
            "newwavecheck",
            "elegycheck",
            "oathcheck"
          ]
        ]
      },
      {
        "type": "itemgrid",
        "h_alignment": "center",
        "item_margin": "-4,0,-4,0",
        "margin": "0,0,0,0",
        "rows": [
          [
            "nobombercode",
            "code1-1",
            "code2-1",
            "code3-1",
            "code4-1",
            "code5-1"
          ]
        ]
      },
      {
        "type": "itemgrid",
        "h_alignment": "center",
        "item_margin": "10,0,10,0",
        "margin": "0,0,0,0",
        "rows": [
          ["", "odolwa", ""],
          ["gyorg", "", "goht"],
          ["","twinmold", ""]
        ]
      }
    ]
  },
  "broadcast_grid": {
    "type": "array",
    "orientation": "vertical",
    "content": [
      {
        "type": "itemgrid",
        "h_alignment": "left",
        "itemgrid": "1,1",
        "item_margin": "2,2,2,2",
        "rows": [
          [
            "ocarina",
            "bow",
            "firearrow",
            "icearrow",
            "lightarrow",
            "moontear",
            "sword1",
            "odolwaremains"
          ],
          [
            "bombs",
            "bombchus",
            "sticks",
            "nuts",
            "beans",
            "roomkey",
            "shield1",
            "gohtremains"
          ],
          [
            "powderkeg",
            "pictobox",
            "lensoftruth",
            "hookshot",
            "fairysword",
            "kafeiletter",
            "magic",
            "gyorgremains"
          ],
          [
            "landdeed",
            "swampdeed",
            "mountaindeed",
            "oceandeed",
            "express",
            "pendant",
            "wallet",
            "twinmoldremains"
          ],
          [
            "bottle1",
            "bottle2",
            "bottle3",
            "bottle4",
            "bottle5",
            "bottle6",
            "timecheck",
            "sonatacheck"
          ],
          [
            "postmanhat",
            "allnightmask",
            "blastmask",
            "stonemask",
            "fairymask",
            "dekumask",
            "healingcheck",
            "lullabycheck"
          ],
          [
            "keatonmask",
            "bremenmask",
            "bunnyhood",
            "dongeromask",
            "maskofscents",
            "goronmask",
            "eponacheck",
            "newwavecheck"
          ],
          [
            "romanimask",
            "circusleadermask",
            "kafeimask",
            "couplesmask",
            "maskoftruth",
            "zoramask",
            "soaringcheck",
            "elegycheck"
          ],
          [
            "kamaromask",
            "gibdomask",
            "garomask",
            "captainhat",
            "giantmask",
            "fiercedeitymask",
            "stormcheck",
            "oathcheck"
          ]
        ]
      }
    ]
  }
}