{
  "item_grid": {
    "type": "array",
    "orientation": "vertical",
    "content": [
      {
        "type": "itemgrid",
        "h_alignment": "left",
        "item_margin": "2,0",
        "rows": [
          [
            "ocarina",
            "bow",
            "firearrow",
            "icearrow",
            "lightarrow",
            "moontear"
          ],
          [
            "bombs",
            "bombchus",
            "sticks",
            "nuts",
            "beans",
            "roomkey"
          ],
          [
            "powderkeg",
            "pictobox",
            "lensoftruth",
            "hookshot",
            "fairysword",
            "kafeiletter"
          ],
          [
            "landdeed",
            "swampdeed",
            "mountaindeed",
            "oceandeed",
            "express",
            "pendant"
          ]
        ]
      }
    ]
  },
  "mask_grid": {
    "type": "array",
    "orientation": "vertical",
    "content": [
      {
        "type": "itemgrid",
        "h_alignment": "left",
        "item_margin": "2,0",
        "rows": [
          [
            "postmanhat",
            "allnightmask",
            "blastmask",
            "stonemask",
            "fairymask",
            "dekumask"
          ],
          [
            "keatonmask",
            "bremenmask",
            "bunnyhood",
            "dongeromask",
            "maskofscents",
            "goronmask"
          ],
          [
            "romanimask",
            "circusleadermask",
            "kafeimask",
            "couplesmask",
            "maskoftruth",
            "zoramask"
          ],
          [
            "kamaromask",
            "gibdomask",
            "garomask",
            "captainhat",
            "giantmask",
            "fiercedeitymask"
          ]
        ]
      }
    ]
  },
  "quest_grid": {
    "type": "array",
    "orientation": "vertical",
    "content": [
      {
        "type": "itemgrid",
        "h_alignment": "left",
        "item_margin": "2,0",
        "rows": [
          [
            "spinattack",
            "shield1",
            "magic",
            "wallet",
	    "bottle_count",
 	    "fairy_ct"
          ],
          [
            "timecheck",
            "healingcheck",
            "eponacheck",
            "soaringcheck",
            "stormcheck",
	    "skull_ss"
          ],
          [
            "sonatacheck",
            "lullabycheck",
            "newwavecheck",
            "elegycheck",
            "oathcheck",
	    "skull_gb"
          ],
	  [
	    "odolwa",
	    "wftaccess",
	    "fairy_wf",
	    "smallkey_wf",
	    "bosskey_wf"
	  ],
	  [
	    "goht",
	    "shtaccess",
	    "fairy_sh",
	    "smallkey_sh",
	    "bosskey_sh"
	  ],
	  [
	    "gyorg",
	    "gbtaccess",
	    "fairy_gb",
	    "smallkey_gb",
	    "bosskey_gb"
	  ],
	  [
	    "twinmold",
	    "sttaccess",
	    "fairy_st",
	    "smallkey_st",
	    "bosskey_st"
	  ]
        ]
      }
    ]
  },
  "settings_grid": {
    "type": "tabbed",
    "tabs": [
      {
        "title": "Item Pool",
        "content": {
          "type": "array",
          "orientation": "vertical",
          "content": [
            {
              "type": "itemgrid",
              "h_alignment": "left",
              "item_margin": "2,0",
              "rows": [
                        [
                          "soaring_off",
        		  "hc_on",
                          "hp_off",
	    	          "trade_on",
                          "nav_on",
                          "gf_off",
                        ],
		        [
		          "skullsanity_off",
		          "fairysanity_off",
		          "keys_off",
			  "bkeys_off",
		          "gold_off",
		          "silver_off",
		        ],
		        [
		          "purple_off",
		          "red_off",
		          "blue_off",
		          "green_off",
		          "hearts_off",
		          "jars_off",
		        ],
		        [
		          "shield_off",
		          "bombchu_off",
		          "arrow_off",
		          "bomb_off",
		          "nut_off",
		          "stick_off",
		        ],
		        [
		          "cowsanity_off",
		          "redpotion_off",
		          "greenpotion_off",
		          "bluepotion_off",
		          "chateau_off",
		          "fairybot_off",
		        ],
		        [
		          "seahorse_off",
		          "botsanity_off",
		        ],
              ]
            }
          ]
        }
      },
{
        "title": "Check Types",
        "content": {
          "type": "array",
          "orientation": "vertical",
          "content": [
            {
              "type": "itemgrid",
              "h_alignment": "left",
              "item_margin": "2,0",
              "rows": [
		        [
		          "chests_on",
			  "npc_off",
			  "botsanity_off",
		          "shopsanity_off",
		          "minigames_off",
		          "bosses_off",

		        ],
		        [
		          "moon_off",
		          "enemies_off",
		          "grass_off",
		          "pots_off",
		          "crates_off",
		          "smallsnow_off",

		        ],
		        [
		          "bigsnow_off",
		          "barrels_off",
		          "hives_off",
		          "invisible_off",
		          "events_off",
		          "soil_off",
		        ],
		        [
		          "hits_off",
		          "rocks_off",
		          "glitches_off",
		        ],
              ]
            }
          ]
        }
      },
      {
        "title": "Options",
	"content": {
          "type": "array",
          "orientation": "vertical",
          "content": [
            {
              "type": "itemgrid",
              "h_alignment": "left",
              "item_margin": "0,0",
	      "item_width": 300,
	      "item_height": 45,
              "rows": [
                        [
                          "standard_on"
                        ],
                        [
                          "stdLog"
                        ],
                        [
                          "allowLogic"
                        ],
                        [
                          "banLogic"
                        ],
	      ]
	    }
	  ]
	}
      },
    ]
  },
  "broadcast_grid": {
    "type": "array",
    "orientation": "vertical",
    "content": [
      {
        "type": "itemgrid",
        "h_alignment": "left",
        "itemgrid": "1,1",
        "item_margin": "2,0,2,2",
        "rows": [
          [
            "ocarina",
            "bow",
            "firearrow",
            "icearrow",
            "lightarrow",
            "moontear",
            "sword",
            "odolwaremains"
          ],
          [
            "bombs",
            "bombchus",
            "sticks",
            "nuts",
            "beans",
            "roomkey",
            "shield1",
            "gohtremains"
          ],
          [
            "powderkeg",
            "pictobox",
            "lensoftruth",
            "hookshot",
            "fairysword",
            "kafeiletter",
            "magic",
            "gyorgremains"
          ],
          [
            "landdeed",
            "swampdeed",
            "mountaindeed",
            "oceandeed",
            "express",
            "pendant",
            "wallet",
            "twinmoldremains"
          ],
          [
            "bottle_count",
            "fairy_ct",
            "fairy_wf",
            "fairy_sh",
            "fairy_gb",
            "fairy_st",
            "timecheck",
            "sonatacheck"
          ],
          [
            "postmanhat",
            "allnightmask",
            "blastmask",
            "stonemask",
            "fairymask",
            "dekumask",
            "healingcheck",
            "lullabycheck"
          ],
          [
            "keatonmask",
            "bremenmask",
            "bunnyhood",
            "dongeromask",
            "maskofscents",
            "goronmask",
            "eponacheck",
            "newwavecheck"
          ],
          [
            "romanimask",
            "circusleadermask",
            "kafeimask",
            "couplesmask",
            "maskoftruth",
            "zoramask",
            "soaringcheck",
            "elegycheck"
          ],
          [
            "kamaromask",
            "gibdomask",
            "garomask",
            "captainhat",
            "giantmask",
            "fiercedeitymask",
            "stormcheck",
            "oathcheck"
          ]
        ]
      }
    ]
  }
}