{
  "tracker_default": {
    "type": "container",
    "background": "#212121",
    "content": {
      "type": "dock",
      "dropshadow": true,
      "content": [
        {
          "type": "dock",
          "dock": "left",
          "v_alignment": "stretch",
          "margin": "0,0,3,0",
          "content": [
            {
              "type": "group",
              "header": "Items",
              "dock": "top",
              "content": {
                "type": "layout",
                "key": "item_grid"
              }
            },
            {
              "type": "group",
              "header": "Masks",
              "dock": "top",
              "content": {
                "type": "layout",
                "key": "mask_grid"
              }
            },
            {
              "type": "group",
              "header": "Quest Items",
              "dock": "top",
              "content": {
                "type": "layout",
                "key": "quest_grid"
              }
            },
            {
              "type": "group",
              "header": "Options",
              "dock": "top",
              "content": {
                "type": "itemgrid",
                "h_alignment": "left",
                "item_margin": "2,2",
                "rows": [
                  [
                    "everything_on",
                    "shopsanity_off",
                    "",
                    "",
                    "",
                    ""
                  ]
                ]
              }
            }
          ]
        },
        {
          "type": "dock",
          "content": [
            {
              "type": "map",
              "dock": "top",
              "max_height": 720,
              "map": [
                "main"
              ]
            },
            {
              "type": "group",
              "header": "Pinned Locations",
              "margin": "0,0,0,0",
              "content": {
                "type": "recentpins",
                "style": "wrap",
                "orientation": "horizontal",
                "compact": true
              }
            }
          ]
        }
      ]
    }
  }
}