[
  {
    "name": "Woodfall Temple",
    "parent": "South Swamp",
    "access_rules": [
      "sonata,dekumask"
    ],
    "sections":[
      {
        "name": "Test",
        "item_count": 1
      }
    ],
    "map_locations": [
      {
        "map": "main",
        "x": 940,
        "y": 1445
      }
    ]
  },
  {
    "name": "Snowhead Temple",
    "parent": "Snowhead Peak",
    "access_rules": [
      "[lullaby],goronmask"
    ],
    "sections": [
      {
        "name": "Test",
        "item_count": 1
      },
      {
        "name": "Test 2",
        "item_count": 2,
        "access_rules": [
          "dekumask,[bow]",
          "hookshot,gfs"
        ]
      }
    ],
    "map_locations": [
      {
        "map": "main",
        "x": 590,
        "y": 110
      }
    ]
  },
  {
    "name": "Great Bay Temple",
    "parent": "South Great Bay",
    "access_rules": [
      "@Pirate Fortress,newwave,hookshot"
    ],
    "sections": [
      {
        "name": "Test",
        "item_count": 1
      }
    ],
    "map_locations": [
      {
        "map": "main",
        "x": 25,
        "y": 1070
      }
    ]
  },
  {
    "name": "Stone Tower Temple",
    "parent": "Stone Tower",
    "access_rules": [
      "hookshot,[elegy]"
    ],
    "sections": [
      {
        "name": "Test",
        "item_count": 1
      }
    ],
    "map_locations": [
      {
        "map": "main",
        "x": 1570,
        "y": 646
      }
    ]
  },
  {
    "name": "Pirate Fortress",
    "parent": "North Great Bay",
    "access_rules": [
      "zoramask"
    ],
    "children": [
      {
        "name": "Interior",
        "sections": [
          {
            "name": "Hookshot",
            "item_count": 1,
            "capture_item": true,
            "access_rules": [
              "goronmask,bow",
              "hookshot,bow",
              "hookshot,dekumask"
            ]
          },
          {
            "name": "Fortress HP",
            "item_count": 1,
            "capture_item": true
          }
        ],
        "map_locations": [
          {
            "map": "main",
            "x": 325,
            "y": 390
          }
        ]
      },
      {
        "name": "Underwater Chest 1",
        "sections": [
          {
            "name": "Dive Down",
            "item_count": 1
          }
        ],
        "map_locations": [
          {
            "map": "main",
            "x": 260,
            "y": 460
          }
        ]
      },
      {
        "name": "Underwater Chest 2",
        "sections": [
          {
            "name": "Dive Down",
            "item_count": 1
          }
        ],
        "map_locations": [
          {
            "map": "main",
            "x": 335,
            "y": 460
          }
        ]
      },
      {
        "name": "Underwater Chest 3",
        "sections": [
          {
            "name": "Dive Down",
            "item_count": 1
          }
        ],
        "map_locations": [
          {
            "map": "main",
            "x": 290,
            "y": 510
          }
        ]
      }
    ]
  },
  {
    "name": "Ancient Temple of Ikana",
    "short_name": "Ikana Temple",
    "parent": "Ikana Canyon",
    "access_rules": [
      "shield2"
    ],
    "sections": [
      {
        "name": "oof",
        "item_count": 1
      }
    ],
    "map_locations": [
      {
        "map": "main",
        "x": 1410,
        "y": 1030
      }
    ]
  }
]