{
  "item_grid_mini": {
    "type": "array",
    "orientation": "vertical",
    "content": [
      {
        "type": "itemgrid",
        "h_alignment": "left",
        "item_margin": "1,2",
        "rows": [
          [
            "bow",
            "firearrow",
            "icearrow",
            "lightarrow",
            "roomkey",
            "moontear"
          ],
          [
            "bombs",
            "bombchus",
            "sticks",
            "beans",
            "kafeiletter",
            "landdeed"
          ],
          [
            "powderkeg",
            "pictobox",
            "lensoftruth",
            "hookshot",
            "pendant",
            "swampdeed"
          ],
          [
            "princess_toggle",
            "dust_toggle",
            "bottle_count",
            "gfs",
            "express",
            "mountaindeed"
          ],
          [
            "sword",
            "shield1",
            "magic",
            "healingcheck",
            "wallet",
            "oceandeed"
          ],
          [
            "eponacheck",
            "soaringcheck",
            "stormcheck",
            "sonatacheck",
            "odolwaremains",
            "gohtremains"
          ],
          [
            "lullabycheck",
            "newwavecheck",
            "elegycheck",
            "oathcheck",
            "gyorgremains",
            "twinmoldremains"
          ],
          [
            "postmanhat",
            "allnightmask",
            "blastmask",
            "stonemask",
            "fairymask",
            "dekumask"
          ],
          [
            "keatonmask",
            "bremenmask",
            "bunnyhood",
            "dongeromask",
            "maskofscents",
            "goronmask"
          ],
          [
            "romanimask",
            "circusleadermask",
            "kafeimask",
            "couplesmask",
            "maskoftruth",
            "zoramask"
          ],
          [
            "kamaromask",
            "gibdomask",
            "garomask",
            "captainhat",
            "giantmask",
            "fiercedeitymask"
          ]
        ]
      }
    ]
  }
}