[
  {
    "name": "Ocarina of Time",
    "type": "static",
    "img": "images/ocarina.png",
    "codes": "ocarina"
  },
  {
    "name": "Bow",
    "type": "progressive",
    "allow_disabled": false,
    "stages": [
      {
        "img": "images/bow.png",
        "img_mods": "@disabled"
      },
      {
        "img": "images/bow.png",
        "img_mods": "overlay|images/overlay_30.png",
        "codes": "bow"
      },
      {
        "img": "images/bow.png",
        "img_mods": "overlay|images/overlay_40.png",
        "codes": "bow"
      },
      {
        "img": "images/bow.png",
        "img_mods": "overlay|images/overlay_50_green.png",
        "codes": "bow"
      }
    ]
  },
  {
    "name": "Fire Arrows",
    "type": "toggle",
    "img": "images/fire_arrow.png",
    "codes": "firearrow,fire,farrow,fa"
  },
  {
    "name": "Ice Arrows",
    "type": "toggle",
    "img": "images/ice_arrow.png",
    "codes": "icearrow,ice,iarrow,ia"
  },
  {
    "name": "Light Arrows",
    "type": "toggle",
    "img": "images/light_arrow.png",
    "codes": "lightarrow,light,larrow,la"
  },
  {
    "name": "Moon Tear",
    "type": "toggle",
    "img": "images/moon_tear.png",
    "codes": "moontear"
  },
  {
    "name": "Land Deed",
    "type": "toggle",
    "img": "images/land_deed.png",
    "codes": "landdeed"
  },
  {
    "name": "Swamp Deed",
    "type": "toggle",
    "img": "images/swamp_deed.png",
    "codes": "swampdeed"
  },
  {
    "name": "Mountain Deed",
    "type": "toggle",
    "img": "images/mountain_deed.png",
    "codes": "mountaindeed"
  },
  {
    "name": "Ocean Deed",
    "type": "toggle",
    "img": "images/ocean_deed.png",
    "codes": "oceandeed"
  },
  {
    "name": "Bombs",
    "type": "progressive",
    "allow_disabled": false,
    "stages":
    [
      {
        "img": "images/bomb.png",
        "img_mods": "@disabled"
      },
      {
        "img": "images/bomb.png",
        "img_mods": "overlay|images/overlay_20.png",
        "codes": "bombbag,bombs"
      },
      {
        "img": "images/bomb.png",
        "img_mods": "overlay|images/overlay_30.png"
      },
      {
        "img": "images/bomb.png",
        "img_mods": "overlay|images/overlay_40_green.png"
      }
    ]
  },
  {
    "name": "Bombchu",
    "type": "toggle",
    "img": "images/bombchu.png",
    "codes": "bombchu,bombchus,chus"
  },
  {
    "name": "Deku Sticks",
    "type": "toggle",
    "img": "images/stick.png",
    "codes": "dekusticks,sticks,ds"
  },
  {
    "name": "Deku Nuts",
    "type": "toggle",
    "img": "images/nut.png",
    "codes": "dekunuts,nuts,dn"
  },
  {
    "name": "Magic Beans",
    "type": "consumable",
    "img": "images/bean.png",
    "codes": "magicbeans,beans",
    "max_quantity": 10
  },
  {
    "name": "Room Key",
    "type": "toggle",
    "img": "images/room_key.png",
    "codes": "roomkey"
  },
  {
    "name": "Express Letter",
    "type": "toggle",
    "img": "images/express.png",
    "codes": "express,mamaletter"
  },
  {
    "name": "Powder Keg",
    "type": "toggle",
    "img": "images/keg.png",
    "codes": "powderkeg,keg"
  },
  {
    "name": "Pictobox",
    "type": "toggle",
    "img": "images/camera.png",
    "codes": "pictobox,picto"
  },
  {
    "name": "Lens of Truth",
    "type": "toggle",
    "img": "images/lens.png",
    "codes": "lensoftruth,lens,lot"
  },
  {
    "name": "Hookshot",
    "type": "toggle",
    "img": "images/hookshot.png",
    "codes": "hookshot,hs"
  },
  {
    "name": "Great Fairy Sword",
    "type": "toggle",
    "img": "images/fairy_sword.png",
    "codes": "fairysword,gfs"
  },
  {
    "name": "Letter to Kafei",
    "type": "toggle",
    "img": "images/kafei_letter.png",
    "codes": "kafeiletter"
  },
  {
    "name": "Pendant of Memories",
    "type": "toggle",
    "img": "images/pendant.png",
    "codes": "memoriespendant,pendant"
  },
  {
    "name": "Deku Princess",
    "type": "toggle",
    "img": "images/bottle_princess.png",
    "codes": "princess_toggle,dekuprincess"
  },
  {
    "name": "Gold Dust",
    "type": "toggle",
    "img": "images/bottle_golddust.png",
    "codes": "dust_toggle,golddust"
  },
  {
    "name": "Bottles",
    "type": "consumable",
    "img": "images/bottle.png",
    "codes": "bottle_count,bottle",
    "max_quantity": 6
  },
  {
    "name": "Big Poe",
    "type": "toggle",
    "img": "images/bottle_bigpoe.png",
    "codes": "bigpoe"
  },
  {
    "name": "Blue Potion",
    "type": "toggle",
    "img": "images/bottle_blue.png",
    "codes": "bluepotion"
  },
  {
    "name": "Bug",
    "type": "toggle",
    "img": "images/bottle_bug.png",
    "codes": "bugs"
  },
  {
    "name": "Egg",
    "type": "toggle",
    "img": "images/bottle_egg.png",
    "codes": "egg,zoraegg"
  },
  {
    "name": "Fairy",
    "type": "toggle",
    "img": "images/bottle_fairy.png",
    "codes": "fairy"
  },
  {
    "name": "Fish",
    "type": "toggle",
    "img": "images/bottle_fish.png",
    "codes": "fish"
  },
  {
    "name": "Green Potion",
    "type": "toggle",
    "img": "images/bottle_green.png",
    "codes": "greenpotion"
  },
  {
    "name": "Milk",
    "type": "toggle",
    "img": "images/bottle_milk.png",
    "codes": "milk"
  },
  {
    "name": "Seahorse",
    "type": "toggle",
    "img": "images/bottle_horse.png",
    "codes": "seahorse"
  },
  {
    "name": "Poe",
    "type": "toggle",
    "img": "images/bottle_poe.png",
    "codes": "poe"
  },
  {
    "name": "Red Potion",
    "type": "toggle",
    "img": "images/bottle_red.png",
    "codes": "redpotion"
  },
  {
    "name": "Shroom",
    "type": "toggle",
    "img": "images/bottle_shroom.png",
    "codes": "shroom,mushroom"
  },
  {
    "name": "Hot Spring Water",
    "type": "toggle",
    "img": "images/bottle_hotspring.png",
    "codes": "hotspringwater,hsw"
  },
  {
    "name": "Chateau Romani",
    "type": "toggle",
    "img": "images/chateau.png",
    "codes": "chateau"
  },
  {
    "name": "Spring Water",
    "type": "toggle",
    "img": "images/bottle_spring.png",
    "codes": "springwater"
  }
]