{
  "tracker_default": {
    "type": "container",
    "background": "#212121",
    "content": {
      "type": "dock",
      "dropshadow": true,
      "content": [
        {
          "type": "dock",
          "dock": "left",
          "v_alignment": "stretch",
          "margin": "0,0,3,0",
          "content": [
            {
              "type": "group",
              "header": "Items",
              "dock": "top",
              "content": {
                "type": "layout",
                "key": "item_grid_mini"
              }
            },
            {
              "type": "group",
              "header": "Options",
              "dock": "left",
              "content": {
                "type": "itemgrid",
                "h_alignment": "left",
                "item_margin": "1,2",
                "rows": [
                  [
                    "everything_off",
                    "shopsanity_off",
                    "",
                    "",
                    "",
                    ""
                  ]
                ]
              }
            }
          ]
        },
        {
          "type": "dock",
          "dock": "top",
          "content": [
            {
              "type": "tabbed",
              "dock": "top",
              "tabs": [
                {
                  "title": "Checks",
                  "icon": "images/chest_brown_closed.png",
                  "content":  {
                    "type": "map",
                    "max_height": 700,
                    "maps": [
                      "main"
                    ]
                  }
                },
                {
                  "title": "Hints",
                  "icon": "images/gossip_stone.png",
                  "content":  {
                    "type": "map",
                    "max_height": 700,
                    "maps": [
                      "hints"
                    ]
                  }
                }
              ]
            },
            {
              "type": "group",
              "header": "Pinned Locations",
              "margin": "3,0,0,0",
              "content": {
                "type": "recentpins",
                "style": "wrap",
                "h_alignment": "stretch",
                "v_alignment": "stretch",
                "orientation": "horizontal",
                "compact": true
              }
            }
          ]
        }
      ]
    }
  }
}