[
  {
    "name": "Woodfall Temple",
    "parent": "South Swamp",
    "access_rules": [
      "$WFT_shuffle"
    ],
    "sections":[
      {
        "name": "Key",
        "item_count": 1,
        "capture_item": true,
        "access_rules": [
          "dekumask",
          "hookshot"
        ]
      },
      {
        "name": "Map",
        "item_count": 1,
        "capture_item": true,
        "access_rules": [
          "dekumask",
          "hookshot,$explosives",
          "hookshot,goronmask"
        ]
      },
      {
        "name": "Compass",
        "item_count": 1,
        "capture_item": true,
        "access_rules":  [
          "hookshot",
          "dekumask,bow",
          "dekumask"
        ]
      },
      {
        "name": "Hero's Bow",
        "item_count": 1,
        "capture_item": true,
        "access_rules": [
          "hookshot",
          "dekumask,bow"
        ]
      },
      {
        "name": "Boss Key",
        "item_count": 1,
        "capture_item": true,
        "access_rules": [
          "bow,dekumask"
        ]
      },
      {
        "name": "Odolwa",
        "item_count": 1,
        "hosted_item": "odolwaremains",
        "capture_item": true,
        "chest_opened_img": "images/HC_grey.png",
        "chest_unopened_img": "images/HC.png",
        "access_rules": [
          "bow,hookshot",
          "bow,dekumask"
        ]
      }
    ],
    "map_locations": [
      {
        "map": "main",
        "x": 940,
        "y": 1445
      }
    ]
  },
  {
    "name": "Snowhead Temple",
    "parent": "Snowhead Peak",
    "access_rules": [
      "$SHT_shuffle"
    ],
    "sections": [
      {
        "name": "Map",
        "item_count": 1,
        "capture_item": true,
        "access_rules": [
          "goronmask,magic",
          "zoramask"
        ]
      },
      {
        "name": "Block Room",
        "item_count": 1,
        "capture_item": true,
        "access_rules": [
          "goronmask,magic",
          "zoramask"
        ]
      },
      {
        "name": "Compass",
        "item_count": 1,
        "capture_item": true,
        "access_rules": [
          "goronmask,magic",
          "zoramask,hookshot",
          "goronmask,hookshot,magic"
        ]
      },
      {
        "name": "Icicle Room",
        "item_count": 1,
        "capture_item": true,
        "access_rules": [
          "hookshot,goronmask,$explosives,magic",
          "hookshot,goronmask,magic",
          "goronmask,$explosives,magic",
          "bow,firearrow,goronmask,magic",
          "zoramask,$explosives",
          "bow,firearrow,zoramask,magic"
        ]
      },
      {
        "name": "Fire Arrows",
        "item_count": 1,
        "capture_item": true,
        "access_rules": [
          "goronmask,$explosives,magic",
          "firearrow,goronmask,bow,magic",
          "firearrow,zoramask,bow,magic",
          "hookshot,zoramask",
          "hookshot,goronmask,magic"
        ]
      },
      {
        "name": "Bridge Room",
        "item_count": 1,
        "capture_item": true,
        "access_rules": [
          "bow,firearrow,goronmask,magic",
          "hookshot,goronmask,magic",
          "zoramask"
        ]
      },
      {
        "name": "Boss Key",
        "item_count": 1,
        "capture_item": true,
        "access_rules": [
          "goronmask,bow,firearrow,magic",
          "bow,firearrow,zoramask,magic"
        ]
      },
      {
        "name": "Goht",
        "item_count": 1,
        "capture_item": true,
        "hosted_item": "gohtremains",
        "chest_opened_img": "images/HC_grey.png",
        "chest_unopened_img": "images/HC.png",
        "access_rules": [
          "bow,firearrow,goronmask,magic"
        ]
      }
    ],
    "map_locations": [
      {
        "map": "main",
        "x": 590,
        "y": 110
      }
    ]
  },
  {
    "name": "Great Bay Temple",
    "parent": "South Great Bay",
    "access_rules": [
      "$GBT_shuffle"
    ],
    "sections": [
      {
        "name": "Map",
        "item_count": 1,
        "capture_item": true,
        "access_rules": [
          "zoramask,hookshot"
        ]
      },
      {
        "name": "Compass",
        "item_count": 1,
        "capture_item": true,
        "access_rules": [
          "zoramask,hookshot"
        ]
      },
      {
        "name": "Key",
        "item_count": 1,
        "capture_item": true,
        "access_rules": [
          "zoramask,hookshot"
        ]
      },
      {
        "name": "Ice Arrows",
        "item_count": 1,
        "capture_item": true,
        "access_rules": [
          "hookshot,zoramask"
        ]
      },
      {
        "name": "Boss Key",
        "item_count": 1,
        "capture_item": true,
        "access_rules": [
          "bow,icearrow,zoramask,hookshot,magic"
        ]
      },
      {
        "name": "Gyorg",
        "item_count": 1,
        "capture_item": true,
        "hosted_item": "gyorgremains",
        "chest_opened_img": "images/HC_grey.png",
        "chest_unopened_img": "images/HC.png",
        "access_rules": [
          "bow,icearrow,zoramask,dekumask,hookshot,firearrow,magic"
        ]
      }
    ],
    "map_locations": [
      {
        "map": "main",
        "x": 25,
        "y": 1070
      }
    ]
  },
  {
    "name": "Stone Tower Temple",
    "short_name": "STT",
    "parent": "Stone Tower",
    "access_rules": [
      "$STT_access"
    ],
    "sections": [
      {
        "name": "Map",
        "item_count": 1,
        "capture_item": true,
        "access_rules": [
          "mirrorshield,goronmask,elegy,$explosives",
          "bow,lightarrow,goronmask,elegy,$explosives,magic",
          "bow,lightarrow,zoramask,magic"
        ]
      },
      {
        "name": "Armos Room",
        "item_count": 1,
        "capture_item": true,
        "access_rules": [
          "mirrorshield,goronmask,elegy,$explosives",
          "bow,lightarrow,goronmask,elegy,$explosives,magic",
          "bow,lightarrow,zoramask,magic"
        ]
      },
      {
        "name": "Eyegore Room",
        "item_count": 1,
        "capture_item": true,
        "access_rules": [
          "bow,lightarrow,zoramask,magic",
          "goronmask,zoramask,elegy,$explosives",
          "goronmask,soaring,elegy,$explosives"
        ]
      },
      {
        "name": "Compass",
        "item_count": 1,
        "capture_item": true,
        "access_rules": [
          "bow,lightarrow,magic",
          "mirrorshield,goronmask,zoramask,elegy"
        ]
      },
      {
        "name": "Light Arrows",
        "item_count": 1,
        "capture_item": true,
        "access_rules": [
          "lightarrow,bow,magic",
          "mirrorshield,goronmask,zoramask,$explosives"
        ]
      }
    ],
    "map_locations": [
      {
        "map": "main",
        "x": 1570,
        "y": 646
      }
    ]
  },
  {
    "name": "Inverted Stone Tower Temple",
    "short_name": "ISTT",
    "parent": "Ikana Canyon",
    "access_rules": [
      "$ISTT_shuffle"
    ],
    "sections": [
      {
        "name": "Updraft Room",
        "item_count": 1,
        "capture_item": true,
        "access_rules": [
            "$ISTT_shuffle,bow,lightarrow,magic"
        ]
      },
      {
        "name": "Death Armos Maze",
        "item_count": 1,
        "capture_item": true,
        "access_rules": [
          "$ISTT_shuffle,dekumask,bow,lightarrow,hookshot,magic"
        ]
      },
      {
        "name": "Boss Key",
        "item_count": 1,
        "capture_item": true,
        "access_rules": [
          "$ISTT_shuffle,dekumask,hookshot,bow,lightarrow,magic"
        ]
      },
      {
        "name": "Giant's Mask",
        "item_count": 1,
        "capture_item": true,
        "access_rules": [
          "$ISTT_shuffle,hookshot,dekumask,lightarrow,bow,magic"
          ]
      },
      {
        "name": "Twinmold",
        "item_count": 1,
        "capture_item": true,
        "hosted_item": "twinmoldremains",
        "chest_opened_img": "images/HC_grey.png",
        "chest_unopened_img": "images/HC.png",
        "access_rules": [
          "$ISTT_shuffle,hookshot,dekumask,bow,lightarrow,magic"
        ]
      }
    ],
    "map_locations": [
      {
        "map": "main",
        "x": 1570,
        "y": 615
      }
    ]
  },
  {
    "name": "Pirate Fortress",
    "short_name": "PF",
    "parent": "North Great Bay",
    "access_rules": [
      "zoramask,sword"
    ],
    "children": [
      {
        "name": "PF Interior",
        "children": [
          {
            "name": "Hookshot",
            "access_rules": [
              "goronmask,bow",
              "goronmask,dekumask",
              "hookshot,bow",
              "hookshot,dekumask"
            ],
            "sections": [
              {
                "name": "Scare Guards",
                "item_count": 1,
                "capture_item": true
              }
            ],
            "map_locations": [
              {
                "map": "main",
                "x": 330,
                "y": 330
              }
            ]
          },
          {
            "name": "Pirate Fortress Maze",
            "access_rules": [
              "goronmask"
            ],
            "sections": [
              {
                "name": "Fortress HP",
                "item_count": 1,
                "capture_item": true
              },
              {
                "name": "Fortress Maze 20 Rupees",
                "item_count": 1,
                "capture_item": true,
                "access_rules": [
                  "everything_on"
                ],
                "visibility_rules": [
                  "everything_on"
                ]
              },
              {
                "name": "HP Room 20 Rupees",
                "item_count": 1,
                "capture_item": true,
                "access_rules": [
                  "everything_on"
                ],
                "visibility_rules": [
                  "everything_on"
                ]
              },
              {
                "name": "HP Room 5 Rupees",
                "item_count": 1,
                "capture_item": true,
                "access_rules": [
                  "everything_on"
                ],
                "visibility_rules": [
                  "everything_on"
                ]
              }
            ],
            "map_locations": [
              {
                "map": "main",
                "x": 300,
                "y": 450
              }
            ]
          },
          {
            "name": "Egg Tank 20 Rupees",
            "access_rules": [
              "hookshot,everything_on"
            ],
            "visibility_rules": [
              "everything_on"
            ],
            "sections": [
              {
                "name": "Dive Down",
                "item_count": 1,
                "capture_item": true
              }
            ],
            "map_locations": [
              {
                "map": "main",
                "x": 280,
                "y": 350
              }
            ]
          },
          {
            "name": "Guard Room 100 Rupees",
            "access_rules": [
              "hookshot,everything_on"
            ],
            "visibility_rules": [
              "everything_on"
            ],
            "sections": [
              {
                "name": "Open It",
                "item_count": 1,
                "capture_item": true
              }
            ],
            "map_locations": [
              {
                "map": "main",
                "x": 300,
                "y": 300
              }
            ]
          },
          {
            "name": "Courtyard 20 Rupees",
            "access_rules": [
              "hookshot,everything_on",
              "goronmask,everything_on"
            ],
            "visibility_rules": [
              "everything_on"
            ],
            "sections": [
              {
                "name": "Open It",
                "item_count": 1,
                "capture_item": true
              }
            ],
            "map_locations": [
              {
                "map": "main",
                "x": 360,
                "y": 360
              }
            ]
          },
          {
            "name": "Upper 20 Rupees",
            "access_rules": [
              "hookshot,everything_on"
            ],
            "visibility_rules": [
              "everything_on"
            ],
            "sections": [
              {
                "name": "Open It",
                "item_count": 1,
                "capture_item": true
              }
            ],
            "map_locations": [
              {
                "map": "main",
                "x": 390,
                "y": 400
              }
            ]
          }
        ]
      },
      {
        "name": "Underwater Chest 1",
        "access_rules": [
                  "everything_on"
        ],
        "visibility_rules": [
                  "everything_on"
        ],
        "sections": [
          {
            "name": "Dive Down",
            "item_count": 1
          }
        ],
        "map_locations": [
          {
            "map": "main",
            "x": 255,
            "y": 470
          }
        ]
      },
      {
        "name": "Underwater Chest 2",
        "access_rules": [
                  "everything_on"
        ],
        "visibility_rules": [
            "everything_on"
        ],
        "sections": [
          {
            "name": "Dive Down",
            "item_count": 1
          }
        ],
        "map_locations": [
          {
            "map": "main",
            "x": 335,
            "y": 460
          }
        ]
      },
      {
        "name": "Underwater Chest 3",
        "access_rules": [
                  "everything_on"
        ],
        "visibility_rules": [
                  "everything_on"
        ],
        "sections": [
          {
            "name": "Dive Down",
            "item_count": 1
          }
        ],
        "map_locations": [
          {
            "map": "main",
            "x": 290,
            "y": 510
          }
        ]
      }
    ]
  },
  {
    "name": "The Moon",
    "parent": "South Clock Town",
    "access_rules": [
      "odolwaremains,gohtremains,gyorgremains,twinmoldremains,oath"
    ],
    "sections": [
      {
        "name": "Deku HP // 1 Mask",
        "item_count": 1,
        "capture_item": true
      },
      {
        "name": "Goron HP // 2 Masks",
        "item_count": 1,
        "capture_item": true
      },
      {
        "name": "Zora HP // 3 Masks",
        "item_count": 1,
        "capture_item": true
      },
      {
        "name": "Hide and Seek HP // 4 Masks",
        "item_count": 1,
        "capture_item": true
      },
      {
        "name": "Link Trial 30 Arrows",
        "item_count": 1,
        "capture_item": true
      },
      {
        "name": "Link Trial 10 Bombchu",
        "item_count": 1,
        "capture_item": true
      },
      {
        "name": "Fierce Deity Mask // All Masks",
        "item_count": 1,
        "capture_item": true
      }
    ],
    "map_locations": [
      {
        "map": "main",
        "x": 1035,
        "y": 1010
      }
    ]
  }
]
