{
  "tracker_capture_item": {
    "type": "container",
    "content": {
      "type": "itemgrid",
      "h_alignment": "center",
      "item_margin": "1,2",
      "rows": [
        [
          "",
          "bow",
          "firearrow",
          "icearrow",
          "lightarrow",
          "nodeed"
        ],
        [
          "bombs",
          "bombchus",
          "sticks",
          "nuts",
          "beans",
          "nomisc1"
        ],
        [
          "powderkeg",
          "pictobox",
          "lensoftruth",
          "hookshot",
          "fairysword",
          "nomisc2"
        ],
        [
          "bottle1",
          "bottle2",
          "bottle3",
          "bottle4",
          "bottle5",
          "bottle6"
        ],
        [
          "sword1",
          "shield1",
          "notebook",
          "doubledefense",
          "magic",
          "wallet"
        ]
      ]
    }
  }
}